{"overlays":[{"id":0,"geometry":{"x":0,"y":0},"fields":{"id":0,"Name":6307,"Desc":"南高铁出租蓄车"}},{"id":1,"geometry":{"x":0,"y":0},"fields":{"id":1,"Name":6361,"Desc":"北高铁出租蓄车"}},{"id":2,"geometry":{"x":0,"y":0},"fields":{"id":2,"Name":6074,"Desc":"申虹/西交球49"}},{"id":3,"geometry":{"x":121.32305555555556,"y":31.195555555555554},"fields":{"id":3,"Name":6231,"Desc":"七莘核心球28"}},{"id":4,"geometry":{"x":121.32277777777777,"y":31.19527777777778},"fields":{"id":4,"Name":6232,"Desc":"七莘核心球29"}},{"id":5,"geometry":{"x":121.32277777777777,"y":31.195555555555554},"fields":{"id":5,"Name":6233,"Desc":"七莘核心球30"}},{"id":6,"geometry":{"x":121.32277777777777,"y":31.195555555555554},"fields":{"id":6,"Name":6234,"Desc":"七莘核心球31"}},{"id":7,"geometry":{"x":121.32249999999999,"y":31.196666666666665},"fields":{"id":7,"Name":6235,"Desc":"七莘核心球32"}},{"id":8,"geometry":{"x":121.32249999999999,"y":31.19638888888889},"fields":{"id":8,"Name":6236,"Desc":"七莘核心球33"}},{"id":9,"geometry":{"x":121.32333333333332,"y":31.196666666666665},"fields":{"id":9,"Name":6237,"Desc":"七莘核心球34"}},{"id":10,"geometry":{"x":0,"y":0},"fields":{"id":10,"Name":6238,"Desc":"七莘核心球35"}},{"id":11,"geometry":{"x":0,"y":0},"fields":{"id":11,"Name":6301,"Desc":"南高铁圈03"}},{"id":12,"geometry":{"x":0,"y":0},"fields":{"id":12,"Name":6323,"Desc":"南高铁圈01"}},{"id":13,"geometry":{"x":0,"y":0},"fields":{"id":13,"Name":6292,"Desc":"南虹渝-机场达"}},{"id":14,"geometry":{"x":0,"y":0},"fields":{"id":14,"Name":6294,"Desc":"南蓄车-到达02"}},{"id":15,"geometry":{"x":0,"y":0},"fields":{"id":15,"Name":6296,"Desc":"南机场-建虹01"}},{"id":16,"geometry":{"x":0,"y":0},"fields":{"id":16,"Name":6297,"Desc":"南机场-建虹02"}},{"id":17,"geometry":{"x":0,"y":0},"fields":{"id":17,"Name":"公安视频"}},{"id":18,"geometry":{"x":121.3175,"y":31.195555555555554},"fields":{"id":18,"Name":507146,"Desc":"虹桥火车站到达南1出口向东HG"}},{"id":19,"geometry":{"x":121.31777777777778,"y":31.195},"fields":{"id":19,"Name":507147,"Desc":"虹桥火车站到达南1出口向西HG"}},{"id":20,"geometry":{"x":121.31666666666666,"y":31.195555555555554},"fields":{"id":20,"Name":507148,"Desc":"虹桥火车站到达南2出口向东HG"}},{"id":21,"geometry":{"x":121.31722222222221,"y":31.195833333333333},"fields":{"id":21,"Name":507149,"Desc":"虹桥火车站到达南2出口向西HG"}},{"id":22,"geometry":{"x":121.31527777777778,"y":31.195555555555554},"fields":{"id":22,"Name":507150,"Desc":"虹桥火车站到达南3出口向东HG"}},{"id":23,"geometry":{"x":121.31527777777778,"y":31.19472222222222},"fields":{"id":23,"Name":507151,"Desc":"虹桥火车站到达南3出口向西HG"}},{"id":24,"geometry":{"x":121.31805555555555,"y":31.19638888888889},"fields":{"id":24,"Name":507152,"Desc":"虹桥火车站到达北1出口向西HG"}},{"id":25,"geometry":{"x":121.31805555555555,"y":31.196666666666665},"fields":{"id":25,"Name":507153,"Desc":"虹桥火车站到达北1出口向东HG"}},{"id":26,"geometry":{"x":121.31611111111111,"y":31.19638888888889},"fields":{"id":26,"Name":507154,"Desc":"虹桥火车站到达北2出口向西HG"}},{"id":27,"geometry":{"x":121.31583333333333,"y":31.19638888888889},"fields":{"id":27,"Name":507155,"Desc":"虹桥火车站到达北2出口向东HG"}},{"id":28,"geometry":{"x":121.31527777777778,"y":31.19638888888889},"fields":{"id":28,"Name":507156,"Desc":"虹桥火车站到达北3出口向西HG"}},{"id":29,"geometry":{"x":121.315,"y":31.19638888888889},"fields":{"id":29,"Name":507157,"Desc":"虹桥火车站到达北3出口向东HG"}},{"id":30,"geometry":{"x":121.3125,"y":31.19527777777778},"fields":{"id":30,"Name":507134,"Desc":"西广场西侧公交站向南HG"}},{"id":31,"geometry":{"x":121.3125,"y":31.195},"fields":{"id":31,"Name":507135,"Desc":"西广场西侧公交站向北HG"}},{"id":32,"geometry":{"x":121.3125,"y":31.194444444444446},"fields":{"id":32,"Name":507137,"Desc":"西广场西侧公交站朝北HG"}},{"id":33,"geometry":{"x":0,"y":0},"fields":{"id":33,"Name":610123,"Desc":"17_虹桥火上行球3"}},{"id":34,"geometry":{"x":0,"y":0},"fields":{"id":34,"Name":610138,"Desc":"17_虹桥火下行球3"}},{"id":35,"geometry":{"x":0,"y":0},"fields":{"id":35,"Name":610161,"Desc":"17_虹桥火上行球2"}},{"id":36,"geometry":{"x":0,"y":0},"fields":{"id":36,"Name":610165,"Desc":"17_虹桥火下行球2"}},{"id":37,"geometry":{"x":0,"y":0},"fields":{"id":37,"Name":610172,"Desc":"17_虹桥火下行球1"}},{"id":38,"geometry":{"x":0,"y":0},"fields":{"id":38,"Name":610180,"Desc":"17_虹桥火上行球4"}},{"id":39,"geometry":{"x":0,"y":0},"fields":{"id":39,"Name":306157,"Desc":"进站转角球机"}},{"id":40,"geometry":{"x":0,"y":0},"fields":{"id":40,"Name":"虹桥ERC"}},{"id":41,"geometry":{"x":0,"y":0},"fields":{"id":41,"Name":"309211","Desc":"18出发层北11"}},{"id":42,"geometry":{"x":121.31638888888888,"y":31.19527777777778},"fields":{"id":42,"Name":"309213","Desc":"01出发层南10"}},{"id":43,"geometry":{"x":121.31416666666667,"y":31.196666666666665},"fields":{"id":43,"Name":"309220","Desc":"26出发层西北安检"}},{"id":44,"geometry":{"x":121.31444444444445,"y":31.195833333333333},"fields":{"id":44,"Name":"309221","Desc":"27高架层候车厅西北角"}},{"id":45,"geometry":{"x":121.31611111111111,"y":31.195555555555554},"fields":{"id":45,"Name":"309222","Desc":"02出发层南8"}},{"id":46,"geometry":{"x":121.31805555555555,"y":31.196666666666665},"fields":{"id":46,"Name":"309223","Desc":"30出发层北部廊道1东北安检"}},{"id":47,"geometry":{"x":0,"y":0},"fields":{"id":47,"Name":"309224","Desc":"31出发层南部廊道1东南安检"}},{"id":48,"geometry":{"x":0,"y":0},"fields":{"id":48,"Name":"309226","Desc":"33出发层中部廊道10"}},{"id":49,"geometry":{"x":0,"y":0},"fields":{"id":49,"Name":"309227","Desc":"34出发层西南安检"}},{"id":50,"geometry":{"x":121.31638888888888,"y":31.19638888888889},"fields":{"id":50,"Name":"309229","Desc":"03出发层北7"}},{"id":51,"geometry":{"x":121.31388888888888,"y":31.19527777777778},"fields":{"id":51,"Name":"309195","Desc":"B1层高铁南通道西入口"}},{"id":52,"geometry":{"x":121.31416666666667,"y":31.195555555555554},"fields":{"id":52,"Name":"309196","Desc":"B1层高铁南通道西入口-出发层自动扶梯方向"}},{"id":53,"geometry":{"x":121.315,"y":31.195555555555554},"fields":{"id":53,"Name":"309198","Desc":"B1层高铁南通道地铁入口"}},{"id":54,"geometry":{"x":121.31583333333333,"y":31.195555555555554},"fields":{"id":54,"Name":"309200","Desc":"B1层高铁南2上客点入口-东西方向"}},{"id":55,"geometry":{"x":121.31527777777778,"y":31.195555555555554},"fields":{"id":55,"Name":"309205","Desc":"12出站口南3"}},{"id":56,"geometry":{"x":121.31527777777778,"y":31.195555555555554},"fields":{"id":56,"Name":"309206","Desc":"13出站口南3"}},{"id":57,"geometry":{"x":121.31472222222222,"y":31.195},"fields":{"id":57,"Name":"309207","Desc":"14出站口南2"}},{"id":58,"geometry":{"x":121.31472222222222,"y":31.195},"fields":{"id":58,"Name":"309208","Desc":"15出站口南2"}},{"id":59,"geometry":{"x":121.31805555555555,"y":31.195833333333333},"fields":{"id":59,"Name":"309209","Desc":"16出站口南1"}},{"id":60,"geometry":{"x":121.31777777777778,"y":31.195833333333333},"fields":{"id":60,"Name":"309210","Desc":"17出站口南1"}},{"id":61,"geometry":{"x":0,"y":0},"fields":{"id":61,"Name":"309212","Desc":"19到达层南部廊道12"}},{"id":62,"geometry":{"x":121.31555555555555,"y":31.19527777777778},"fields":{"id":62,"Name":"309215","Desc":"21到达层南部廊道5"}},{"id":63,"geometry":{"x":0,"y":0},"fields":{"id":63,"Name":"309216","Desc":"22到达层南部廊道6"}},{"id":64,"geometry":{"x":0,"y":0},"fields":{"id":64,"Name":"309228","Desc":"35到达层南部廊道1"}},{"id":65,"geometry":{"x":0,"y":0},"fields":{"id":65,"Name":"309230","Desc":"04到达层南部廊道2"}},{"id":66,"geometry":{"x":0,"y":0},"fields":{"id":66,"Name":"309242","Desc":"高铁南上客点1-1"}},{"id":67,"geometry":{"x":121.31666666666666,"y":31.195555555555554},"fields":{"id":67,"Name":"309243","Desc":"高铁南上客点1-2"}},{"id":68,"geometry":{"x":0,"y":0},"fields":{"id":68,"Name":"309244","Desc":"高铁南上客点2-1"}},{"id":69,"geometry":{"x":121.31555555555555,"y":31.19472222222222},"fields":{"id":69,"Name":"309245","Desc":"高铁南上客点2-2"}},{"id":70,"geometry":{"x":121.31416666666667,"y":31.195833333333333},"fields":{"id":70,"Name":"309225","Desc":"32西进厅2"}},{"id":71,"geometry":{"x":121.31583333333333,"y":31.19638888888889},"fields":{"id":71,"Name":"309193","Desc":"B1层高铁北通道西入口"}},{"id":72,"geometry":{"x":121.31416666666667,"y":31.19611111111111},"fields":{"id":72,"Name":"309194","Desc":"B1层高铁北通道西入口-出发层自动扶梯方向"}},{"id":73,"geometry":{"x":121.31583333333333,"y":31.19638888888889},"fields":{"id":73,"Name":"309197","Desc":"B1层高铁北通道地铁入口"}},{"id":74,"geometry":{"x":0,"y":0},"fields":{"id":74,"Name":"309199","Desc":"B1层高铁北2上客点入口-东西方向"}},{"id":75,"geometry":{"x":121.31527777777778,"y":31.19611111111111},"fields":{"id":75,"Name":"309201","Desc":"B1层高铁中通道地铁口01"}},{"id":76,"geometry":{"x":121.31527777777778,"y":31.19611111111111},"fields":{"id":76,"Name":"309202","Desc":"B1层高铁中通道地铁口03"}},{"id":77,"geometry":{"x":121.31527777777778,"y":31.19638888888889},"fields":{"id":77,"Name":"309203","Desc":"10出站口北3"}},{"id":78,"geometry":{"x":121.31777777777778,"y":31.19638888888889},"fields":{"id":78,"Name":"309204","Desc":"11出站口北1"}},{"id":79,"geometry":{"x":0,"y":0},"fields":{"id":79,"Name":"309214","Desc":"20到达层北部廊道1"}},{"id":80,"geometry":{"x":0,"y":0},"fields":{"id":80,"Name":"309217","Desc":"23到达层北部廊道6"}},{"id":81,"geometry":{"x":121.31583333333333,"y":31.19638888888889},"fields":{"id":81,"Name":"309218","Desc":"24到达层北部廊道5"}},{"id":82,"geometry":{"x":121.31583333333333,"y":31.19638888888889},"fields":{"id":82,"Name":"309219","Desc":"25到达层北部廊道12"}},{"id":83,"geometry":{"x":121.31305555555555,"y":31.19611111111111},"fields":{"id":83,"Name":"309231","Desc":"05到达层北部廊道2"}},{"id":84,"geometry":{"x":121.31583333333333,"y":31.19638888888889},"fields":{"id":84,"Name":"309232","Desc":"06出站口北2"}},{"id":85,"geometry":{"x":121.31638888888888,"y":31.19638888888889},"fields":{"id":85,"Name":"309233","Desc":"07出站口北2"}},{"id":86,"geometry":{"x":121.31527777777778,"y":31.19638888888889},"fields":{"id":86,"Name":"309234","Desc":"08出站口北3"}},{"id":87,"geometry":{"x":121.31777777777778,"y":31.19638888888889},"fields":{"id":87,"Name":"309235","Desc":"09出站口北1"}},{"id":88,"geometry":{"x":0,"y":0},"fields":{"id":88,"Name":"309238","Desc":"高铁北上客点1-1"}},{"id":89,"geometry":{"x":0,"y":0},"fields":{"id":89,"Name":"309239","Desc":"高铁北上客点1-2"}},{"id":90,"geometry":{"x":121.31583333333333,"y":31.19638888888889},"fields":{"id":90,"Name":"309240","Desc":"高铁北上客点2-1"}},{"id":91,"geometry":{"x":121.31583333333333,"y":31.19638888888889},"fields":{"id":91,"Name":"309241","Desc":"高铁北上客点2-2"}},{"id":92,"geometry":{"x":0,"y":0},"fields":{"id":92,"Name":"309115","Desc":"2楼北门"}},{"id":93,"geometry":{"x":0,"y":0},"fields":{"id":93,"Name":"309116","Desc":"2楼南门"}},{"id":94,"geometry":{"x":121.32333333333332,"y":31.196944444444444},"fields":{"id":94,"Name":"309117","Desc":"3号门"}},{"id":95,"geometry":{"x":121.32333333333332,"y":31.195555555555554},"fields":{"id":95,"Name":"309118","Desc":"4号出口"}},{"id":96,"geometry":{"x":121.32333333333332,"y":31.19527777777778},"fields":{"id":96,"Name":"309119","Desc":"4号门"}},{"id":97,"geometry":{"x":0,"y":0},"fields":{"id":97,"Name":"309120","Desc":"7号门安检"}},{"id":98,"geometry":{"x":121.32055555555556,"y":31.19638888888889},"fields":{"id":98,"Name":"309121","Desc":"7号门安检1"}},{"id":99,"geometry":{"x":121.31333333333333,"y":31.195833333333333},"fields":{"id":99,"Name":"309085","Desc":"DTD_BM_001-1"}},{"id":100,"geometry":{"x":121.32166666666666,"y":31.19611111111111},"fields":{"id":100,"Name":"309086","Desc":"DTD_BM_001-2"}},{"id":101,"geometry":{"x":121.32166666666666,"y":31.19611111111111},"fields":{"id":101,"Name":"309087","Desc":"DTD_BM_001-3"}},{"id":102,"geometry":{"x":121.32166666666666,"y":31.19611111111111},"fields":{"id":102,"Name":"309088","Desc":"DTD_BM_001-4"}},{"id":103,"geometry":{"x":121.32166666666666,"y":31.19611111111111},"fields":{"id":103,"Name":"309089","Desc":"DTD_BM_002-1"}},{"id":104,"geometry":{"x":121.32166666666666,"y":31.19611111111111},"fields":{"id":104,"Name":"309090","Desc":"DTD_BM_002-2"}},{"id":105,"geometry":{"x":121.32166666666666,"y":31.19611111111111},"fields":{"id":105,"Name":"309091","Desc":"DTD_BM_002-3"}},{"id":106,"geometry":{"x":121.31333333333333,"y":31.195833333333333},"fields":{"id":106,"Name":"309092","Desc":"DTD_BM_002-4"}},{"id":107,"geometry":{"x":121.32166666666666,"y":31.19611111111111},"fields":{"id":107,"Name":"309093","Desc":"DTD_BM_003-1"}},{"id":108,"geometry":{"x":121.32166666666666,"y":31.19611111111111},"fields":{"id":108,"Name":"309094","Desc":"DTD_BM_003-2"}},{"id":109,"geometry":{"x":121.32166666666666,"y":31.19611111111111},"fields":{"id":109,"Name":"309095","Desc":"DTD_BM_003-3"}},{"id":110,"geometry":{"x":121.32166666666666,"y":31.19611111111111},"fields":{"id":110,"Name":"309096","Desc":"DTD_BM_003-4"}},{"id":111,"geometry":{"x":121.31361111111111,"y":31.195555555555554},"fields":{"id":111,"Name":"309312","Desc":"A10-15-DT004_2航2线下行站"}},{"id":112,"geometry":{"x":121.31361111111111,"y":31.195555555555554},"fields":{"id":112,"Name":"309329","Desc":"A10-32-DT003_2航2线下行站"}},{"id":113,"geometry":{"x":121.31361111111111,"y":31.195555555555554},"fields":{"id":113,"Name":"309399","Desc":"A09-06-DT017_2航10线上行"}},{"id":114,"geometry":{"x":121.31361111111111,"y":31.195555555555554},"fields":{"id":114,"Name":"309401","Desc":"A09-08-10线T2上行"}},{"id":115,"geometry":{"x":121.31361111111111,"y":31.195555555555554},"fields":{"id":115,"Name":"309402","Desc":"A09-09-DT023_2航2线上行站"}},{"id":116,"geometry":{"x":121.31361111111111,"y":31.195555555555554},"fields":{"id":116,"Name":"309405","Desc":"A09-12-DT021_2航2线上行站"}},{"id":117,"geometry":{"x":121.31361111111111,"y":31.195555555555554},"fields":{"id":117,"Name":"309406","Desc":"A09-13-2航东降所低开室快球"}},{"id":118,"geometry":{"x":121.31361111111111,"y":31.195555555555554},"fields":{"id":118,"Name":"309408","Desc":"A09-15-虹桥2号航站楼站上行"}},{"id":119,"geometry":{"x":121.32138888888889,"y":31.1975},"fields":{"id":119,"Name":"309409","Desc":"A09-16-DT019_2航10线"}},{"id":120,"geometry":{"x":121.32138888888889,"y":31.1975},"fields":{"id":120,"Name":"309416","Desc":"A09-23-DT002_2航2线上行站"}},{"id":121,"geometry":{"x":121.31333333333333,"y":31.195555555555554},"fields":{"id":121,"Name":"309097","Desc":"DTX_BM_001-1"}},{"id":122,"geometry":{"x":121.31333333333333,"y":31.195555555555554},"fields":{"id":122,"Name":"309098","Desc":"DTX_BM_001-2"}},{"id":123,"geometry":{"x":121.31333333333333,"y":31.195555555555554},"fields":{"id":123,"Name":"309099","Desc":"DTX_BM_001-3"}},{"id":124,"geometry":{"x":121.31333333333333,"y":31.195555555555554},"fields":{"id":124,"Name":"309100","Desc":"DTX_BM_001-4"}},{"id":125,"geometry":{"x":121.31333333333333,"y":31.19611111111111},"fields":{"id":125,"Name":"309101","Desc":"DTX_BM_002-1"}},{"id":126,"geometry":{"x":121.31333333333333,"y":31.19611111111111},"fields":{"id":126,"Name":"309102","Desc":"DTX_BM_002-2"}},{"id":127,"geometry":{"x":121.31333333333333,"y":31.19611111111111},"fields":{"id":127,"Name":"309103","Desc":"DTX_BM_002-3"}},{"id":128,"geometry":{"x":121.31333333333333,"y":31.19611111111111},"fields":{"id":128,"Name":"309104","Desc":"DTX_BM_002-4"}},{"id":129,"geometry":{"x":121.31416666666667,"y":31.195833333333333},"fields":{"id":129,"Name":"309108","Desc":"DTX_BM_003-4"}},{"id":130,"geometry":{"x":121.31416666666667,"y":31.195833333333333},"fields":{"id":130,"Name":"309109","Desc":"DTX_BM_004-1"}},{"id":131,"geometry":{"x":121.31333333333333,"y":31.19611111111111},"fields":{"id":131,"Name":"309110","Desc":"DTX_BM_004-2"}},{"id":132,"geometry":{"x":121.31416666666667,"y":31.195833333333333},"fields":{"id":132,"Name":"309111","Desc":"DTX_BM_004-3"}},{"id":133,"geometry":{"x":121.31333333333333,"y":31.19611111111111},"fields":{"id":133,"Name":"309112","Desc":"DTX_BM_004-4"}},{"id":134,"geometry":{"x":121.31416666666667,"y":31.195833333333333},"fields":{"id":134,"Name":"309113","Desc":"DTX_BM_005-1"}},{"id":135,"geometry":{"x":121.31416666666667,"y":31.195833333333333},"fields":{"id":135,"Name":"309114","Desc":"DTX_BM_005-2"}},{"id":136,"geometry":{"x":121.31333333333333,"y":31.19611111111111},"fields":{"id":136,"Name":"309324","Desc":"A10-27-DT028_虹桥火车站上行"}},{"id":137,"geometry":{"x":121.31333333333333,"y":31.19611111111111},"fields":{"id":137,"Name":"309327","Desc":"A10-30-DT008_虹桥火车站西交"}},{"id":138,"geometry":{"x":121.31333333333333,"y":31.19611111111111},"fields":{"id":138,"Name":"309332","Desc":"A05-03-（2）虹桥火车站下行1"}},{"id":139,"geometry":{"x":121.31333333333333,"y":31.19611111111111},"fields":{"id":139,"Name":"309345","Desc":"A05-16-（2）虹桥火车站上行1-1"}},{"id":140,"geometry":{"x":121.31333333333333,"y":31.19611111111111},"fields":{"id":140,"Name":"309351","Desc":"A05-22-虹桥火车站10号线上行"}},{"id":141,"geometry":{"x":121.31333333333333,"y":31.19611111111111},"fields":{"id":141,"Name":"309365","Desc":"A06-04-（2）虹桥火车站5#厅楼梯"}},{"id":142,"geometry":{"x":121.31333333333333,"y":31.19611111111111},"fields":{"id":142,"Name":"309367","Desc":"A06-06-虹桥火车站上行1-3"}},{"id":143,"geometry":{"x":121.31333333333333,"y":31.19611111111111},"fields":{"id":143,"Name":"309368","Desc":"A06-07-DT-13_10线虹桥火车"}},{"id":144,"geometry":{"x":121.31333333333333,"y":31.19611111111111},"fields":{"id":144,"Name":"309400","Desc":"A09-07-DT017_10线虹桥火车"}},{"id":145,"geometry":{"x":121.31333333333333,"y":31.19611111111111},"fields":{"id":145,"Name":"309404","Desc":"A09-11-DT026_虹桥火车站上行"}},{"id":146,"geometry":{"x":121.31333333333333,"y":31.19611111111111},"fields":{"id":146,"Name":"309255","Desc":"01-17号线上区间1球"}},{"id":147,"geometry":{"x":121.31333333333333,"y":31.19611111111111},"fields":{"id":147,"Name":"309256","Desc":"10-17号线3号闸出1"}},{"id":148,"geometry":{"x":121.31333333333333,"y":31.19611111111111},"fields":{"id":148,"Name":"309257","Desc":"11-17号线3号闸出2"}},{"id":149,"geometry":{"x":121.31333333333333,"y":31.19611111111111},"fields":{"id":149,"Name":"309258","Desc":"12-17号线3号闸出3"}},{"id":150,"geometry":{"x":121.31333333333333,"y":31.19611111111111},"fields":{"id":150,"Name":"309259","Desc":"13-17号线3号闸入"}},{"id":151,"geometry":{"x":121.31333333333333,"y":31.19611111111111},"fields":{"id":151,"Name":"309260","Desc":"14-17号线3号闸出4"}},{"id":152,"geometry":{"x":121.31333333333333,"y":31.19611111111111},"fields":{"id":152,"Name":"309261","Desc":"15-17号线4号闸出1"}},{"id":153,"geometry":{"x":121.31333333333333,"y":31.19611111111111},"fields":{"id":153,"Name":"309263","Desc":"17-17号线5号厅公区"}},{"id":154,"geometry":{"x":121.31333333333333,"y":31.19611111111111},"fields":{"id":154,"Name":"309264","Desc":"18-17号线5号消防门"}},{"id":155,"geometry":{"x":121.31333333333333,"y":31.19611111111111},"fields":{"id":155,"Name":"309266","Desc":"02-17号线上区间2"}},{"id":156,"geometry":{"x":121.31333333333333,"y":31.19611111111111},"fields":{"id":156,"Name":"309268","Desc":"25-17号线上行1"}},{"id":157,"geometry":{"x":121.31333333333333,"y":31.19611111111111},"fields":{"id":157,"Name":"309269","Desc":"26-17号线上行2"}},{"id":158,"geometry":{"x":121.31333333333333,"y":31.19611111111111},"fields":{"id":158,"Name":"309270","Desc":"27-17号线上行5"}},{"id":159,"geometry":{"x":121.31333333333333,"y":31.19611111111111},"fields":{"id":159,"Name":"309271","Desc":"03-17号线上区间3球"}},{"id":160,"geometry":{"x":121.31333333333333,"y":31.19611111111111},"fields":{"id":160,"Name":"309272","Desc":"04-17号线上区间5"}},{"id":161,"geometry":{"x":121.31333333333333,"y":31.19611111111111},"fields":{"id":161,"Name":"309273","Desc":"05-17号线下区间1球"}},{"id":162,"geometry":{"x":121.31333333333333,"y":31.19611111111111},"fields":{"id":162,"Name":"309274","Desc":"06-17号线1号闸出3"}},{"id":163,"geometry":{"x":121.31333333333333,"y":31.19611111111111},"fields":{"id":163,"Name":"309275","Desc":"07-17号线2号厅公区"}},{"id":164,"geometry":{"x":121.31333333333333,"y":31.19611111111111},"fields":{"id":164,"Name":"309276","Desc":"08-17号线2号消防门"}},{"id":165,"geometry":{"x":121.31333333333333,"y":31.19611111111111},"fields":{"id":165,"Name":"309277","Desc":"09-17号线2号闸入"}},{"id":166,"geometry":{"x":121.31333333333333,"y":31.19611111111111},"fields":{"id":166,"Name":"309281","Desc":"24-17号线内通道3"}},{"id":167,"geometry":{"x":121.31805555555555,"y":31.19611111111111},"fields":{"id":167,"Name":"309290","Desc":"申兰路北1"}},{"id":168,"geometry":{"x":121.31833333333333,"y":31.19611111111111},"fields":{"id":168,"Name":"309291","Desc":"申兰路北2"}},{"id":169,"geometry":{"x":121.31805555555555,"y":31.19611111111111},"fields":{"id":169,"Name":"309292","Desc":"申兰路北3"}},{"id":170,"geometry":{"x":121.31861111111111,"y":31.196944444444444},"fields":{"id":170,"Name":"309293","Desc":"申兰路北4"}},{"id":171,"geometry":{"x":121.31805555555555,"y":31.19611111111111},"fields":{"id":171,"Name":"309294","Desc":"申兰路南1"}},{"id":172,"geometry":{"x":121.31805555555555,"y":31.19611111111111},"fields":{"id":172,"Name":"309295","Desc":"申兰路南2"}},{"id":173,"geometry":{"x":121.31805555555555,"y":31.19638888888889},"fields":{"id":173,"Name":"309296","Desc":"申兰路南3"}},{"id":174,"geometry":{"x":121.31833333333333,"y":31.19527777777778},"fields":{"id":174,"Name":"309297","Desc":"申兰路南4"}},{"id":175,"geometry":{"x":121.31361111111111,"y":31.194166666666668},"fields":{"id":175,"Name":"309064","Desc":"申贵路通道01"}},{"id":176,"geometry":{"x":121.31333333333333,"y":31.197777777777777},"fields":{"id":176,"Name":"309065","Desc":"申贵路通道10"}},{"id":177,"geometry":{"x":121.31361111111111,"y":31.194444444444446},"fields":{"id":177,"Name":"309066","Desc":"申贵路通道02"}},{"id":178,"geometry":{"x":121.31361111111111,"y":31.194444444444446},"fields":{"id":178,"Name":"309067","Desc":"申贵路通道03"}},{"id":179,"geometry":{"x":121.31333333333333,"y":31.19527777777778},"fields":{"id":179,"Name":"309068","Desc":"申贵路通道04"}},{"id":180,"geometry":{"x":121.31472222222222,"y":31.195555555555554},"fields":{"id":180,"Name":"309069","Desc":"申贵路通道05"}},{"id":181,"geometry":{"x":121.31305555555555,"y":31.19611111111111},"fields":{"id":181,"Name":"309070","Desc":"申贵路通道06"}},{"id":182,"geometry":{"x":121.31416666666667,"y":31.19611111111111},"fields":{"id":182,"Name":"309071","Desc":"申贵路通道07"}},{"id":183,"geometry":{"x":121.31333333333333,"y":31.1975},"fields":{"id":183,"Name":"309072","Desc":"申贵路通道08"}},{"id":184,"geometry":{"x":121.31333333333333,"y":31.197777777777777},"fields":{"id":184,"Name":"309073","Desc":"申贵路通道09"}},{"id":185,"geometry":{"x":121.31333333333333,"y":31.197777777777777},"fields":{"id":185,"Name":"309074","Desc":"申贵路通道出口球机"}},{"id":186,"geometry":{"x":0,"y":0},"fields":{"id":186,"Name":"309075","Desc":"申贵路通道进口球机"}},{"id":187,"geometry":{"x":121.31305555555555,"y":31.19638888888889},"fields":{"id":187,"Name":"309076","Desc":"停车库南北通道"}},{"id":188,"geometry":{"x":121.31777777777778,"y":31.19638888888889},"fields":{"id":188,"Name":"309283","Desc":"磁浮3层高铁连廊北1"}},{"id":189,"geometry":{"x":121.31777777777778,"y":31.19638888888889},"fields":{"id":189,"Name":"309284","Desc":"磁浮3层高铁连廊北2"}},{"id":190,"geometry":{"x":121.31805555555555,"y":31.195833333333333},"fields":{"id":190,"Name":"309285","Desc":"磁浮3层高铁连廊南1"}},{"id":191,"geometry":{"x":121.31861111111111,"y":31.19611111111111},"fields":{"id":191,"Name":"309286","Desc":"磁浮3层高铁连廊南2"}},{"id":192,"geometry":{"x":121.31833333333333,"y":31.19638888888889},"fields":{"id":192,"Name":"309287","Desc":"磁浮B1层高铁连廊北1"}},{"id":193,"geometry":{"x":0,"y":0},"fields":{"id":193,"Name":"309288","Desc":"磁浮B1层高铁连廊中"}},{"id":194,"geometry":{"x":121.31833333333333,"y":31.195833333333333},"fields":{"id":194,"Name":"309289","Desc":"磁浮B1层高铁连廊南1"}},{"id":195,"geometry":{"x":121.31472222222222,"y":31.19611111111111},"fields":{"id":195,"Name":"309083","Desc":"西交B1北侧高铁出入口"}},{"id":196,"geometry":{"x":121.31305555555555,"y":31.195555555555554},"fields":{"id":196,"Name":"309084","Desc":"西交B1南侧高铁出入口"}},{"id":197,"geometry":{"x":121.32166666666666,"y":31.197222222222223},"fields":{"id":197,"Name":"309247","Desc":"P6出口"}},{"id":198,"geometry":{"x":121.32166666666666,"y":31.197222222222223},"fields":{"id":198,"Name":"309248","Desc":"P6入口"}},{"id":199,"geometry":{"x":0,"y":0},"fields":{"id":199,"Name":"309249","Desc":"P7-1F出口"}},{"id":200,"geometry":{"x":121.32138888888889,"y":31.195833333333333},"fields":{"id":200,"Name":"309250","Desc":"P7出口"}},{"id":201,"geometry":{"x":121.32222222222222,"y":31.195555555555554},"fields":{"id":201,"Name":"309251","Desc":"P7进口"}},{"id":202,"geometry":{"x":121.31277777777777,"y":31.194166666666668},"fields":{"id":202,"Name":"309030","Desc":"P10出口3岗"}},{"id":203,"geometry":{"x":121.31277777777777,"y":31.194166666666668},"fields":{"id":203,"Name":"309042","Desc":"P10出口1岗"}},{"id":204,"geometry":{"x":121.31277777777777,"y":31.194166666666668},"fields":{"id":204,"Name":"309043","Desc":"P10出口1岗2岗"}},{"id":205,"geometry":{"x":121.31277777777777,"y":31.194166666666668},"fields":{"id":205,"Name":"309044","Desc":"P10出口4岗"}},{"id":206,"geometry":{"x":121.31277777777777,"y":31.194166666666668},"fields":{"id":206,"Name":"309045","Desc":"P10出口5岗6岗"}},{"id":207,"geometry":{"x":121.31333333333333,"y":31.194166666666668},"fields":{"id":207,"Name":"309046","Desc":"P10进口2号3号闸机"}},{"id":208,"geometry":{"x":121.31305555555555,"y":31.19388888888889},"fields":{"id":208,"Name":"309047","Desc":"P10进口4号5号闸机"}},{"id":209,"geometry":{"x":121.31305555555555,"y":31.19388888888889},"fields":{"id":209,"Name":"309048","Desc":"P10进口5号6号闸机"}},{"id":210,"geometry":{"x":121.31388888888888,"y":31.19388888888889},"fields":{"id":210,"Name":"309049","Desc":"P10进口前通道"}},{"id":211,"geometry":{"x":121.31361111111111,"y":31.194444444444446},"fields":{"id":211,"Name":"309050","Desc":"P10进口直道"}},{"id":212,"geometry":{"x":121.31472222222222,"y":31.195555555555554},"fields":{"id":212,"Name":"309051","Desc":"P10进口转弯口连接南北通道"}},{"id":213,"geometry":{"x":121.31277777777777,"y":31.194166666666668},"fields":{"id":213,"Name":"309052","Desc":"P10停车库出口外坡道"}},{"id":214,"geometry":{"x":121.31361111111111,"y":31.194166666666668},"fields":{"id":214,"Name":"309053","Desc":"P10停车库进口前坡道"}},{"id":215,"geometry":{"x":121.31305555555555,"y":31.198055555555555},"fields":{"id":215,"Name":"309054","Desc":"P9出口1岗2岗"}},{"id":216,"geometry":{"x":121.31305555555555,"y":31.198055555555555},"fields":{"id":216,"Name":"309055","Desc":"P9出口3岗4岗"}},{"id":217,"geometry":{"x":121.31305555555555,"y":31.198055555555555},"fields":{"id":217,"Name":"309056","Desc":"P9出口5岗6岗"}},{"id":218,"geometry":{"x":121.31305555555555,"y":31.198055555555555},"fields":{"id":218,"Name":"309057","Desc":"P9出口东侧通道"}},{"id":219,"geometry":{"x":121.31305555555555,"y":31.198055555555555},"fields":{"id":219,"Name":"309058","Desc":"P9出口外通道"}},{"id":220,"geometry":{"x":121.31277777777777,"y":31.198055555555555},"fields":{"id":220,"Name":"309059","Desc":"P9进口2号3号闸机"}},{"id":221,"geometry":{"x":121.31277777777777,"y":31.198055555555555},"fields":{"id":221,"Name":"309060","Desc":"P9进口4号闸机"}},{"id":222,"geometry":{"x":121.31277777777777,"y":31.198055555555555},"fields":{"id":222,"Name":"309061","Desc":"P9进口5号6号闸机"}},{"id":223,"geometry":{"x":121.31277777777777,"y":31.198055555555555},"fields":{"id":223,"Name":"309062","Desc":"P9停车库出口外坡道"}},{"id":224,"geometry":{"x":121.31277777777777,"y":31.198055555555555},"fields":{"id":224,"Name":"309063","Desc":"P9停车库入口"}},{"id":225,"geometry":{"x":0,"y":0},"fields":{"id":225,"Name":"309252","Desc":"出租车出口"}},{"id":226,"geometry":{"x":121.32305555555556,"y":31.195},"fields":{"id":226,"Name":"309253","Desc":"机场出租车排队"}},{"id":227,"geometry":{"x":121.32444444444444,"y":31.19611111111111},"fields":{"id":227,"Name":"309254","Desc":"机场出租车球机"}},{"id":228,"geometry":{"x":121.315,"y":31.19472222222222},"fields":{"id":228,"Name":"309023","Desc":"南2上客点前端"}},{"id":229,"geometry":{"x":121.31555555555555,"y":31.195555555555554},"fields":{"id":229,"Name":"309024","Desc":"南1进口"}},{"id":230,"geometry":{"x":121.31722222222221,"y":31.195},"fields":{"id":230,"Name":"309025","Desc":"南1上客点后端"}},{"id":231,"geometry":{"x":121.31527777777778,"y":31.19472222222222},"fields":{"id":231,"Name":"309026","Desc":"南1站点"}},{"id":232,"geometry":{"x":121.31444444444445,"y":31.19472222222222},"fields":{"id":232,"Name":"309027","Desc":"南1上客点前端"}},{"id":233,"geometry":{"x":121.31472222222222,"y":31.19472222222222},"fields":{"id":233,"Name":"309028","Desc":"南2门球机"}},{"id":234,"geometry":{"x":121.315,"y":31.194444444444446},"fields":{"id":234,"Name":"309029","Desc":"南2上客点处理岗"}},{"id":235,"geometry":{"x":121.31722222222221,"y":31.19611111111111},"fields":{"id":235,"Name":"309016","Desc":"北1进口"}},{"id":236,"geometry":{"x":121.31666666666666,"y":31.19638888888889},"fields":{"id":236,"Name":"309017","Desc":"北1上客点前端"}},{"id":237,"geometry":{"x":121.31666666666666,"y":31.19638888888889},"fields":{"id":237,"Name":"309018","Desc":"北1上客点处理岗"}},{"id":238,"geometry":{"x":121.31555555555555,"y":31.19611111111111},"fields":{"id":238,"Name":"309019","Desc":"北2进口"}},{"id":239,"geometry":{"x":121.31583333333333,"y":31.19611111111111},"fields":{"id":239,"Name":"309020","Desc":"北2上客点前端"}},{"id":240,"geometry":{"x":121.31583333333333,"y":31.19611111111111},"fields":{"id":240,"Name":"309021","Desc":"北2上客点车区"}},{"id":241,"geometry":{"x":121.31833333333333,"y":31.19638888888889},"fields":{"id":241,"Name":"309022","Desc":"出租车北上客点出口"}},{"id":242,"geometry":{"x":121.31277777777777,"y":31.195833333333333},"fields":{"id":242,"Name":"309001","Desc":"BM1层候车厅C区球机"}},{"id":243,"geometry":{"x":121.31277777777777,"y":31.195833333333333},"fields":{"id":243,"Name":"309002","Desc":"售票间球机"}},{"id":244,"geometry":{"x":121.31277777777777,"y":31.195833333333333},"fields":{"id":244,"Name":"309003","Desc":"下客区小车"}},{"id":245,"geometry":{"x":121.31277777777777,"y":31.195833333333333},"fields":{"id":245,"Name":"309004","Desc":"下客区人行道"}},{"id":246,"geometry":{"x":121.31277777777777,"y":31.195833333333333},"fields":{"id":246,"Name":"309005","Desc":"下客安检入口"}},{"id":247,"geometry":{"x":121.31277777777777,"y":31.195833333333333},"fields":{"id":247,"Name":"309006","Desc":"下客安检出口"}},{"id":248,"geometry":{"x":121.31277777777777,"y":31.195833333333333},"fields":{"id":248,"Name":"309007","Desc":"下客区车道"}},{"id":249,"geometry":{"x":121.31277777777777,"y":31.195833333333333},"fields":{"id":249,"Name":"309008","Desc":"车辆出口坡道"}},{"id":250,"geometry":{"x":121.31277777777777,"y":31.195833333333333},"fields":{"id":250,"Name":"309009","Desc":"车辆出口闸机"}},{"id":251,"geometry":{"x":121.31277777777777,"y":31.195833333333333},"fields":{"id":251,"Name":"309010","Desc":"南进站口"}},{"id":252,"geometry":{"x":121.31277777777777,"y":31.195833333333333},"fields":{"id":252,"Name":"309011","Desc":"北进站口"}},{"id":253,"geometry":{"x":121.31277777777777,"y":31.195833333333333},"fields":{"id":253,"Name":"309012","Desc":"员工通道"}},{"id":254,"geometry":{"x":121.31277777777777,"y":31.195833333333333},"fields":{"id":254,"Name":"309013","Desc":"北侧进站安检"}},{"id":255,"geometry":{"x":121.31277777777777,"y":31.195833333333333},"fields":{"id":255,"Name":"309014","Desc":"达到安检入口"}},{"id":256,"geometry":{"x":121.31277777777777,"y":31.195833333333333},"fields":{"id":256,"Name":"309015","Desc":"售票大厅服务台"}},{"id":257,"geometry":{"x":121.32166666666666,"y":31.19611111111111},"fields":{"id":257,"Name":"309122","Desc":"东交1号候车大厅"}},{"id":258,"geometry":{"x":121.32194444444444,"y":31.19611111111111},"fields":{"id":258,"Name":"309123","Desc":"东交1号候车大厅1"}},{"id":259,"geometry":{"x":121.32166666666666,"y":31.19611111111111},"fields":{"id":259,"Name":"309124","Desc":"东交虹商1路上客点"}},{"id":260,"geometry":{"x":121.32194444444444,"y":31.196944444444444},"fields":{"id":260,"Name":"309125","Desc":"东交外围12"}},{"id":261,"geometry":{"x":121.32194444444444,"y":31.196944444444444},"fields":{"id":261,"Name":"309126","Desc":"东交外围虹商"}},{"id":262,"geometry":{"x":121.32166666666666,"y":31.196944444444444},"fields":{"id":262,"Name":"309127","Desc":"东交外围虹商1"}},{"id":263,"geometry":{"x":121.32138888888889,"y":31.19611111111111},"fields":{"id":263,"Name":"309128","Desc":"东交外围枢纽"}},{"id":264,"geometry":{"x":121.32194444444444,"y":31.195833333333333},"fields":{"id":264,"Name":"309129","Desc":"东交外围闵行"}},{"id":265,"geometry":{"x":121.32194444444444,"y":31.195555555555554},"fields":{"id":265,"Name":"309130","Desc":"东交外围闵行1"}},{"id":266,"geometry":{"x":121.31361111111111,"y":31.19527777777778},"fields":{"id":266,"Name":"309077","Desc":"西交1F公交广场北侧1"}},{"id":267,"geometry":{"x":121.31333333333333,"y":31.19527777777778},"fields":{"id":267,"Name":"309078","Desc":"西交1F公交广场北侧2"}},{"id":268,"geometry":{"x":121.31333333333333,"y":31.19527777777778},"fields":{"id":268,"Name":"309079","Desc":"西交1F公交广场北侧3"}},{"id":269,"geometry":{"x":121.31305555555555,"y":31.194444444444446},"fields":{"id":269,"Name":"309080","Desc":"西交1F公交广场南侧1"}},{"id":270,"geometry":{"x":121.31305555555555,"y":31.196944444444444},"fields":{"id":270,"Name":"309081","Desc":"西交1F公交广场南侧2"}},{"id":271,"geometry":{"x":121.31277777777777,"y":31.194166666666668},"fields":{"id":271,"Name":"309082","Desc":"西交1F公交广场南出口"}},{"id":272,"geometry":{"x":0,"y":0},"fields":{"id":272,"Name":"309131","Desc":"西交枢纽10路"}},{"id":273,"geometry":{"x":121.31333333333333,"y":31.195},"fields":{"id":273,"Name":"309132","Desc":"西交枢纽10路1"}},{"id":274,"geometry":{"x":0,"y":0},"fields":{"id":274,"Name":"309133","Desc":"西交枢纽1路"}},{"id":275,"geometry":{"x":0,"y":0},"fields":{"id":275,"Name":"309134","Desc":"西交枢纽6路"}},{"id":276,"geometry":{"x":121.31305555555555,"y":31.195},"fields":{"id":276,"Name":"309135","Desc":"西交枢纽8路"}},{"id":277,"geometry":{"x":121.31305555555555,"y":31.195},"fields":{"id":277,"Name":"309136","Desc":"西交枢纽8路1"}},{"id":278,"geometry":{"x":121.31305555555555,"y":31.194444444444446},"fields":{"id":278,"Name":"309137","Desc":"西交枢纽带10"}},{"id":279,"geometry":{"x":121.31305555555555,"y":31.19472222222222},"fields":{"id":279,"Name":"309138","Desc":"西交枢纽带5"}},{"id":280,"geometry":{"x":121.31305555555555,"y":31.19472222222222},"fields":{"id":280,"Name":"309139","Desc":"西交枢纽带7"}},{"id":281,"geometry":{"x":121.31333333333333,"y":31.194444444444446},"fields":{"id":281,"Name":"309140","Desc":"西交枢纽虹练"}},{"id":282,"geometry":{"x":0,"y":0},"fields":{"id":282,"Name":"309141","Desc":"西交枢纽通道"}},{"id":283,"geometry":{"x":121.31333333333333,"y":31.194444444444446},"fields":{"id":283,"Name":"309142","Desc":"西交枢纽通道1"}},{"id":284,"geometry":{"x":0,"y":0},"fields":{"id":284,"Name":"309143","Desc":"西交枢纽通道2"}},{"id":285,"geometry":{"x":0,"y":0},"fields":{"id":285,"Name":"309144","Desc":"西交枢纽通道3"}},{"id":286,"geometry":{"x":0,"y":0},"fields":{"id":286,"Name":"309145","Desc":"西交通道3转"}},{"id":287,"geometry":{"x":121.30972222222222,"y":31.195833333333333},"fields":{"id":287,"Name":"309166","Desc":"东区B1-1F自动扶梯"}},{"id":288,"geometry":{"x":121.30972222222222,"y":31.195833333333333},"fields":{"id":288,"Name":"309167","Desc":"东区B1广场1"}},{"id":289,"geometry":{"x":121.30972222222222,"y":31.195833333333333},"fields":{"id":289,"Name":"309168","Desc":"东区B1广场2"}},{"id":290,"geometry":{"x":121.30527777777777,"y":31.195},"fields":{"id":290,"Name":"309169","Desc":"东区B1苏虹路出入口"}},{"id":291,"geometry":{"x":121.30972222222222,"y":31.195833333333333},"fields":{"id":291,"Name":"309170","Desc":"东区双通道下"}},{"id":292,"geometry":{"x":121.30972222222222,"y":31.195833333333333},"fields":{"id":292,"Name":"309171","Desc":"中区B1-1F楼梯1"}},{"id":293,"geometry":{"x":121.30972222222222,"y":31.195833333333333},"fields":{"id":293,"Name":"309172","Desc":"中区B1-1F楼梯2"}},{"id":294,"geometry":{"x":121.30972222222222,"y":31.195833333333333},"fields":{"id":294,"Name":"309173","Desc":"中区B1-1F自动扶梯"}},{"id":295,"geometry":{"x":121.30972222222222,"y":31.195833333333333},"fields":{"id":295,"Name":"309174","Desc":"中区B1-B2自动扶梯"}},{"id":296,"geometry":{"x":121.30972222222222,"y":31.195833333333333},"fields":{"id":296,"Name":"309175","Desc":"中区B1电梯厅"}},{"id":297,"geometry":{"x":121.30555555555556,"y":31.195},"fields":{"id":297,"Name":"309176","Desc":"东区B2主通道1"}},{"id":298,"geometry":{"x":121.30972222222222,"y":31.195833333333333},"fields":{"id":298,"Name":"309177","Desc":"东区B2主通道6"}},{"id":299,"geometry":{"x":121.30527777777777,"y":31.195},"fields":{"id":299,"Name":"309178","Desc":"东区B2主通道7"}},{"id":300,"geometry":{"x":121.30527777777777,"y":31.195},"fields":{"id":300,"Name":"309179","Desc":"东区B2主通道8"}},{"id":301,"geometry":{"x":121.30527777777777,"y":31.195},"fields":{"id":301,"Name":"309180","Desc":"东区B2主通道9"}},{"id":302,"geometry":{"x":121.30972222222222,"y":31.195833333333333},"fields":{"id":302,"Name":"309181","Desc":"步廊会展中心入口1"}},{"id":303,"geometry":{"x":121.30972222222222,"y":31.195833333333333},"fields":{"id":303,"Name":"309182","Desc":"步廊会展中心入口2"}},{"id":304,"geometry":{"x":121.30972222222222,"y":31.195833333333333},"fields":{"id":304,"Name":"309282","Desc":"东区下沉广场摄像机"}},{"id":305,"geometry":{"x":121.31833333333333,"y":31.19361111111111},"fields":{"id":305,"Name":"309031","Desc":"南蓄地道入口"}},{"id":306,"geometry":{"x":0,"y":0},"fields":{"id":306,"Name":"309032","Desc":"南蓄B区球机"}},{"id":307,"geometry":{"x":121.31833333333333,"y":31.190277777777776},"fields":{"id":307,"Name":"309033","Desc":"南蓄8号岗球机"}},{"id":308,"geometry":{"x":121.31833333333333,"y":31.191666666666666},"fields":{"id":308,"Name":"309034","Desc":"南蓄7号岗球机"}},{"id":309,"geometry":{"x":121.31805555555555,"y":31.191666666666666},"fields":{"id":309,"Name":"309035","Desc":"南蓄7号岗前端"}},{"id":310,"geometry":{"x":121.31805555555555,"y":31.191666666666666},"fields":{"id":310,"Name":"309036","Desc":"南蓄7号岗后端"}},{"id":311,"geometry":{"x":121.31833333333333,"y":31.191666666666666},"fields":{"id":311,"Name":"309037","Desc":"南蓄7号岗11-13"}},{"id":312,"geometry":{"x":121.31833333333333,"y":31.190555555555555},"fields":{"id":312,"Name":"309038","Desc":"南蓄5号岗球机"}},{"id":313,"geometry":{"x":121.31861111111111,"y":31.190555555555555},"fields":{"id":313,"Name":"309039","Desc":"南蓄6号岗"}},{"id":314,"geometry":{"x":121.31833333333333,"y":31.190833333333334},"fields":{"id":314,"Name":"309040","Desc":"南蓄5号岗9-13"}},{"id":315,"geometry":{"x":121.31416666666667,"y":31.1975},"fields":{"id":315,"Name":"309041","Desc":"南蓄5号岗1-3"}},{"id":316,"geometry":{"x":121.31416666666667,"y":31.1975},"fields":{"id":316,"Name":"309183","Desc":"北上客点入口坡道内"}},{"id":317,"geometry":{"x":121.31416666666667,"y":31.1975},"fields":{"id":317,"Name":"309184","Desc":"北蓄6号岗"}},{"id":318,"geometry":{"x":121.31416666666667,"y":31.1975},"fields":{"id":318,"Name":"309185","Desc":"北蓄5号岗11-13球机"}},{"id":319,"geometry":{"x":121.31416666666667,"y":31.1975},"fields":{"id":319,"Name":"309186","Desc":"北蓄5号岗"}},{"id":320,"geometry":{"x":121.31416666666667,"y":31.1975},"fields":{"id":320,"Name":"309187","Desc":"北蓄7号岗"}},{"id":321,"geometry":{"x":121.31416666666667,"y":31.1975},"fields":{"id":321,"Name":"309188","Desc":"北蓄8号岗2-5"}},{"id":322,"geometry":{"x":121.31416666666667,"y":31.1975},"fields":{"id":322,"Name":"309189","Desc":"北蓄车场大门"}},{"id":323,"geometry":{"x":121.31416666666667,"y":31.1975},"fields":{"id":323,"Name":"309190","Desc":"北蓄坡道入口"}},{"id":324,"geometry":{"x":121.31416666666667,"y":31.1975},"fields":{"id":324,"Name":"309191","Desc":"北蓄7号岗后端行车道"}},{"id":325,"geometry":{"x":121.31416666666667,"y":31.1975},"fields":{"id":325,"Name":"309192","Desc":"北蓄7号岗前端2-5"}},{"id":326,"geometry":{"x":121.30972222222222,"y":31.195833333333333},"fields":{"id":326,"Name":"309146","Desc":"东侧北出口1"}},{"id":327,"geometry":{"x":121.31138888888889,"y":31.19611111111111},"fields":{"id":327,"Name":"309147","Desc":"东侧南出口"}},{"id":328,"geometry":{"x":121.30972222222222,"y":31.195833333333333},"fields":{"id":328,"Name":"309148","Desc":"东侧通道北"}},{"id":329,"geometry":{"x":121.30972222222222,"y":31.195833333333333},"fields":{"id":329,"Name":"309149","Desc":"东侧通道南"}},{"id":330,"geometry":{"x":121.30972222222222,"y":31.195833333333333},"fields":{"id":330,"Name":"309150","Desc":"服务台"}},{"id":331,"geometry":{"x":121.30972222222222,"y":31.195833333333333},"fields":{"id":331,"Name":"309151","Desc":"服务台北侧通道"}},{"id":332,"geometry":{"x":121.30972222222222,"y":31.195833333333333},"fields":{"id":332,"Name":"309152","Desc":"服务台南侧通道"}},{"id":333,"geometry":{"x":121.30972222222222,"y":31.195833333333333},"fields":{"id":333,"Name":"309153","Desc":"丽宝广场北出口通道"}},{"id":334,"geometry":{"x":121.30972222222222,"y":31.195833333333333},"fields":{"id":334,"Name":"309154","Desc":"万通出入口"}},{"id":335,"geometry":{"x":121.30972222222222,"y":31.195833333333333},"fields":{"id":335,"Name":"309155","Desc":"新地中心南侧通道"}},{"id":336,"geometry":{"x":121.31166666666667,"y":31.19611111111111},"fields":{"id":336,"Name":"309156","Desc":"东西方向北面通道2"}},{"id":337,"geometry":{"x":121.31138888888889,"y":31.19638888888889},"fields":{"id":337,"Name":"309157","Desc":"东西方向北面通道3"}},{"id":338,"geometry":{"x":121.31166666666667,"y":31.195833333333333},"fields":{"id":338,"Name":"309158","Desc":"东西方向南面通道5"}},{"id":339,"geometry":{"x":121.31138888888889,"y":31.195833333333333},"fields":{"id":339,"Name":"309159","Desc":"东西方向南面通道6"}},{"id":340,"geometry":{"x":121.3125,"y":31.19611111111111},"fields":{"id":340,"Name":"309160","Desc":"通西交北入口"}},{"id":341,"geometry":{"x":121.3125,"y":31.195833333333333},"fields":{"id":341,"Name":"309161","Desc":"通西交通广场南入口1"}},{"id":342,"geometry":{"x":121.31222222222222,"y":31.195833333333333},"fields":{"id":342,"Name":"309162","Desc":"通西交通广场南入口1"}},{"id":343,"geometry":{"x":0,"y":0},"fields":{"id":343,"Name":"309163","Desc":"网络机房前南出入口"}},{"id":344,"geometry":{"x":0,"y":0},"fields":{"id":344,"Name":"309164","Desc":"西北方通道"}},{"id":345,"geometry":{"x":0,"y":0},"fields":{"id":345,"Name":"309165","Desc":"西交南入口问询台"}}]}